product_id,category,lead_time,reorder_level,initial_stock,unit_cost,expiration_date,current_stock
29-017-6255,Fruits & Vegetables,7,64,46,4.6,2025-01-31,46
79-569-8856,Oils & Fats,7,87,51,2.0,2024-06-11,51
28-146-2641,Dairy,7,67,38,12.0,2024-04-08,38
11-581-9869,Fruits & Vegetables,7,60,51,1.5,2024-09-26,51
13-202-4809,Fruits & Vegetables,7,22,27,7.0,2024-05-20,27
70-145-2550,Fruits & Vegetables,7,6,91,2.4,2024-08-06,91
10-626-8536,Grains & Pulses,7,85,17,5.0,2024-03-30,17
42-879-9478,Seafood,7,22,81,10.0,2024-08-22,81
82-380-5378,Dairy,7,24,78,9.0,2024-03-07,78
23-265-8144,Dairy,7,50,55,1.7,2024-10-25,55
62-393-9939,Dairy,7,9,60,9.0,2024-10-05,60
90-343-9640,Oils & Fats,7,89,53,10.0,2024-10-06,53
36-899-5324,Fruits & Vegetables,7,58,94,2.9,2024-12-19,94
41-538-3129,Bakery,7,79,77,4.0,2024-07-31,77
47-843-8207,Fruits & Vegetables,7,92,34,2.5,2024-12-27,34
94-071-2261,Fruits & Vegetables,7,37,79,4.5,2024-03-30,79
12-998-3882,Dairy,7,54,76,2.5,2024-05-26,76
36-127-4273,Dairy,7,46,50,6.2,2024-07-31,50
13-144-2169,Fruits & Vegetables,7,62,25,3.0,2024-09-07,25
86-978-6666,Grains & Pulses,7,43,38,2.7,2024-09-15,38
40-681-9981,Beverages,7,77,45,20.0,2024-05-08,45
13-962-6263,Fruits & Vegetables,7,1,49,2.0,2024-11-18,49
10-002-6494,Fruits & Vegetables,7,92,89,4.8,2024-11-11,89
29-741-8132,Fruits & Vegetables,7,22,47,4.0,2024-06-03,47
30-806-3823,Grains & Pulses,7,26,53,4.75,2024-03-06,53
71-074-6292,Bakery,7,79,65,4.0,2024-10-17,65
95-738-4658,Beverages,7,68,90,12.0,2024-10-30,90
55-154-4728,Beverages,7,63,65,20.0,2024-03-29,65
46-255-3073,Seafood,7,42,30,7.0,2024-07-11,30
95-640-0293,Grains & Pulses,7,32,34,4.5,2025-02-07,34
45-250-4679,Grains & Pulses,7,78,54,1.5,2024-07-05,54
03-833-3577,Fruits & Vegetables,7,14,67,1.8,2024-10-16,67
08-961-3009,Dairy,7,14,50,9.2,2024-09-08,50
20-405-4865,Dairy,7,39,13,0.9,2024-09-18,13
49-377-9731,Fruits & Vegetables,7,8,18,2.0,2024-04-19,18
39-810-2042,Grains & Pulses,7,2,24,2.0,2024-09-05,24
53-805-9523,Bakery,7,30,40,4.5,2024-05-14,40
14-305-5348,Dairy,7,63,53,9.0,2024-03-20,53
51-459-5630,Dairy,7,30,11,4.0,2024-12-14,11
88-183-5781,Bakery,7,63,17,3.5,2024-12-27,17
41-735-9837,Beverages,7,77,14,10.0,2024-09-01,14
88-977-0175,Bakery,7,1,100,5.0,2024-07-19,100
66-327-2821,Oils & Fats,7,57,67,1.8,2024-05-27,67
08-114-3922,Seafood,7,64,60,10.0,2025-02-15,60
95-090-2788,Oils & Fats,7,7,45,6.5,2024-08-26,45
26-690-3784,Fruits & Vegetables,7,5,58,2.0,2024-04-06,58
46-753-8430,Dairy,7,77,98,7.0,2024-08-05,98
15-905-7750,Fruits & Vegetables,7,61,42,5.0,2024-09-29,42
11-891-8213,Oils & Fats,7,62,38,4.0,2024-11-13,38
82-811-7988,Oils & Fats,7,3,36,6.0,2024-12-13,36
31-746-4951,Grains & Pulses,7,60,67,2.75,2024-09-06,67
97-300-7511,Dairy,7,53,37,1.0,2024-03-21,37
88-304-2855,Fruits & Vegetables,7,51,20,3.5,2025-02-12,20
53-008-2419,Grains & Pulses,7,36,62,4.75,2024-05-27,62
76-340-4432,Fruits & Vegetables,7,36,19,1.75,2024-03-06,19
26-010-9519,Seafood,7,72,29,12.0,2025-01-09,29
08-940-8578,Fruits & Vegetables,7,29,34,2.0,2024-11-22,34
54-374-9986,Dairy,7,52,92,2.5,2024-03-21,92
67-625-9704,Seafood,7,18,33,6.0,2024-07-18,33
56-635-6764,Bakery,7,59,12,4.5,2024-08-05,12
10-445-0741,Seafood,7,17,83,10.0,2024-03-31,83
76-584-4790,Oils & Fats,7,52,21,4.0,2025-01-01,21
57-437-1828,Fruits & Vegetables,7,30,37,4.0,2024-10-05,37
62-777-6010,Grains & Pulses,7,20,77,4.25,2024-11-05,77
06-955-3428,Grains & Pulses,7,38,30,6.0,2024-09-22,30
04-758-0410,Grains & Pulses,7,21,26,10.0,2024-05-02,26
06-655-5498,Grains & Pulses,7,82,72,9.75,2024-09-28,72
76-401-7083,Fruits & Vegetables,7,79,59,6.0,2024-07-31,59
30-429-2162,Grains & Pulses,7,96,34,6.15,2025-01-15,34
49-730-0159,Dairy,7,3,82,2.4,2024-08-26,82
31-745-6850,Fruits & Vegetables,7,90,94,0.9,2024-11-01,94
69-468-5468,Bakery,7,78,59,4.5,2024-11-26,59
68-636-4774,Fruits & Vegetables,7,50,18,1.45,2025-02-19,18
21-120-6238,Grains & Pulses,7,33,55,1.75,2024-09-05,55
92-995-8689,Dairy,7,65,31,9.0,2024-03-06,31
15-045-8444,Beverages,7,12,27,12.0,2024-03-27,27
73-567-6194,Dairy,7,81,76,4.0,2024-09-08,76
48-242-8445,Fruits & Vegetables,7,3,40,4.0,2024-06-24,40
33-507-9886,Fruits & Vegetables,7,25,68,3.5,2024-06-27,68
80-025-6757,Fruits & Vegetables,7,29,59,5.5,2025-01-01,59
36-296-9609,Oils & Fats,7,35,24,2.5,2024-12-01,24
56-054-8664,Fruits & Vegetables,7,82,59,2.45,2024-03-03,59
64-478-4745,Fruits & Vegetables,7,81,63,2.5,2024-11-19,63
67-546-1568,Oils & Fats,7,36,57,4.0,2024-03-28,57
10-218-2680,Dairy,7,93,39,2.5,2025-01-03,39
46-520-1819,Grains & Pulses,7,36,41,4.5,2024-05-15,41
87-791-5803,Seafood,7,44,25,18.0,2024-09-01,25
71-436-5841,Fruits & Vegetables,7,91,87,2.5,2024-06-25,87
07-679-1199,Fruits & Vegetables,7,65,20,2.0,2024-10-15,20
48-957-8596,Fruits & Vegetables,7,25,95,53.82,2024-10-18,95
20-325-1965,Fruits & Vegetables,7,75,56,5.0,2024-05-21,56
51-069-0489,Grains & Pulses,7,83,96,1.5,2024-05-30,96
17-493-4579,Grains & Pulses,7,8,76,9.5,2024-05-28,76
46-622-3434,Grains & Pulses,7,19,17,4.75,2024-07-23,17
05-899-1428,Oils & Fats,7,75,14,10.0,2024-07-01,14
60-632-8752,Bakery,7,16,96,5.0,2025-01-26,96
65-854-9364,Grains & Pulses,7,34,30,6.3,2024-04-22,30
66-268-8345,Dairy,7,84,91,3.0,2025-01-08,91
13-673-7016,Fruits & Vegetables,7,67,47,4.0,2025-02-23,47
20-054-3716,Bakery,7,6,11,5.0,2024-02-25,11
11-073-0189,Fruits & Vegetables,7,50,95,4.0,2024-05-06,95
40-793-7235,Dairy,7,67,92,4.0,2024-05-19,92
56-894-3733,Dairy,7,83,85,1.75,2025-02-02,85
83-117-7658,Fruits & Vegetables,7,3,92,5.0,2024-12-19,92
72-989-2512,Fruits & Vegetables,7,21,24,6.0,2024-10-28,24
58-229-1358,Dairy,7,24,21,2.35,2024-09-28,21
28-275-5901,Seafood,7,1,64,10.0,2025-01-24,64
85-806-8672,Beverages,7,88,35,4.7,2024-11-21,35
65-718-0492,Oils & Fats,7,92,100,6.0,2025-02-16,100
86-482-6451,Beverages,7,78,91,25.0,2024-08-10,91
48-289-0604,Oils & Fats,7,72,18,2.0,2024-06-20,18
21-809-7115,Grains & Pulses,7,86,80,1.8,2025-02-24,80
84-269-9130,Grains & Pulses,7,10,11,1.5,2024-08-02,11
54-758-4622,Bakery,7,3,99,5.0,2024-11-21,99
65-867-4029,Fruits & Vegetables,7,83,40,4.0,2024-06-16,40
24-310-9184,Bakery,7,65,69,3.0,2024-04-08,69
53-930-2215,Dairy,7,43,60,2.5,2024-07-09,60
94-598-3383,Grains & Pulses,7,38,79,2.5,2024-09-01,79
83-625-3618,Fruits & Vegetables,7,12,68,5.0,2024-07-04,68
13-844-2178,Seafood,7,67,44,6.0,2024-03-24,44
05-184-4175,Beverages,7,30,40,15.0,2024-05-03,40
89-335-0155,Grains & Pulses,7,81,46,2.5,2025-01-16,46
38-417-4656,Grains & Pulses,7,69,24,2.0,2024-12-23,24
74-305-1263,Beverages,7,91,29,12.0,2024-08-16,29
02-508-3777,Dairy,7,88,97,0.8,2024-06-26,97
79-136-9840,Beverages,7,45,77,30.0,2024-06-23,77
35-299-0889,Oils & Fats,7,78,33,5.0,2024-04-21,33
41-594-5069,Dairy,7,1,77,1.0,2024-03-21,77
83-553-9523,Dairy,7,90,28,2.45,2025-01-28,28
44-112-3331,Seafood,7,17,85,18.0,2024-04-08,85
93-198-5984,Fruits & Vegetables,7,69,73,5.0,2024-09-17,73
73-874-7534,Fruits & Vegetables,7,24,88,6.0,2024-12-18,88
18-107-7886,Dairy,7,28,64,2.0,2024-02-27,64
63-956-0739,Beverages,7,12,68,10.0,2024-12-22,68
26-177-5690,Fruits & Vegetables,7,33,85,1.8,2025-01-21,85
47-749-3277,Grains & Pulses,7,20,46,2.5,2024-09-13,46
57-763-5501,Seafood,7,29,72,8.0,2024-03-24,72
90-230-9767,Grains & Pulses,7,88,67,1.5,2024-11-17,67
19-214-5762,Fruits & Vegetables,7,52,41,4.5,2024-10-13,41
74-642-2435,Fruits & Vegetables,7,31,66,2.5,2024-04-08,66
47-221-3391,Beverages,7,38,78,15.0,2024-09-12,78
87-104-0187,Grains & Pulses,7,100,86,2.75,2025-02-05,86
87-272-6544,Dairy,7,3,90,2.5,2025-02-13,90
06-340-6856,Grains & Pulses,7,56,41,9.75,2024-02-29,41
80-020-8041,Grains & Pulses,7,58,11,6.2,2024-07-08,11
48-461-3742,Fruits & Vegetables,7,8,37,6.0,2025-01-23,37
78-362-8578,Fruits & Vegetables,7,32,72,2.45,2024-04-10,72
60-550-4771,Seafood,7,80,75,9.0,2024-08-24,75
11-155-7826,Beverages,7,83,98,20.0,2024-12-26,98
42-907-6946,Oils & Fats,7,75,90,5.0,2024-08-31,90
99-048-8310,Fruits & Vegetables,7,49,32,2.5,2024-05-27,32
85-440-3667,Dairy,7,29,68,7.0,2024-09-09,68
93-571-7294,Grains & Pulses,7,94,78,4.35,2024-05-22,78
82-977-7752,Fruits & Vegetables,7,78,88,2.5,2024-11-04,88
76-476-9996,Bakery,7,96,37,5.0,2024-12-06,37
50-679-2072,Oils & Fats,7,32,97,2.3,2024-05-30,97
50-329-3145,Dairy,7,54,12,1.0,2024-04-21,12
52-392-5312,Grains & Pulses,7,42,50,1.75,2024-07-24,50
47-663-5703,Grains & Pulses,7,49,15,4.5,2024-09-14,15
58-122-2282,Beverages,7,20,59,5.0,2024-06-12,59
84-151-2114,Grains & Pulses,7,57,39,2.5,2024-08-11,39
93-682-2069,Fruits & Vegetables,7,39,76,2.0,2024-08-16,76
48-789-9187,Fruits & Vegetables,7,79,45,4.0,2024-11-15,45
85-806-0613,Bakery,7,21,41,5.0,2024-04-26,41
19-244-9890,Beverages,7,22,61,30.0,2024-11-09,61
60-285-3783,Fruits & Vegetables,7,62,51,6.0,2025-01-15,51
34-547-0827,Grains & Pulses,7,53,54,1.8,2024-07-05,54
06-731-2162,Fruits & Vegetables,7,1,87,2.5,2024-07-19,87
48-193-1199,Oils & Fats,7,51,46,2.3,2024-06-09,46
40-003-7322,Grains & Pulses,7,32,13,2.0,2024-10-11,13
91-417-0366,Fruits & Vegetables,7,74,25,5.5,2024-12-04,25
24-571-1080,Fruits & Vegetables,7,15,60,4.0,2024-04-11,60
22-083-3347,Grains & Pulses,7,82,69,1.5,2024-04-30,69
09-101-1740,Grains & Pulses,7,81,36,4.75,2024-08-31,36
17-274-6898,Bakery,7,53,36,3.5,2024-03-22,36
38-655-2312,Fruits & Vegetables,7,74,79,4.0,2024-10-18,79
60-327-4114,Dairy,7,7,63,2.35,2024-10-17,63
54-281-3746,Fruits & Vegetables,7,70,26,2.0,2024-11-03,26
25-349-7974,Fruits & Vegetables,7,70,72,2.5,2024-06-22,72
16-380-0753,Fruits & Vegetables,7,22,38,5.0,2024-05-08,38
38-049-9319,Bakery,7,6,82,5.0,2024-05-09,82
50-329-3360,Grains & Pulses,7,77,19,10.0,2024-08-25,19
19-610-2236,Bakery,7,48,58,3.5,2024-03-19,58
46-632-8420,Dairy,7,24,98,4.1,2024-05-23,98
14-836-2894,Fruits & Vegetables,7,92,44,3.5,2024-09-25,44
08-196-2703,Fruits & Vegetables,7,52,100,3.0,2024-10-17,100
87-097-5691,Beverages,7,78,62,10.0,2024-03-26,62
04-453-5485,Fruits & Vegetables,7,20,84,2.5,2024-04-02,84
82-678-8097,Dairy,7,82,68,4.8,2024-04-05,68
43-703-9939,Fruits & Vegetables,7,91,55,3.5,2025-02-17,55
28-433-8533,Bakery,7,70,87,3.2,2025-02-02,87
74-234-0628,Grains & Pulses,7,56,12,9.5,2024-05-13,12
02-888-9412,Fruits & Vegetables,7,66,95,2.48,2025-02-04,95
80-658-6456,Fruits & Vegetables,7,9,84,5.0,2024-12-10,84
70-587-1204,Grains & Pulses,7,68,68,6.0,2024-06-23,68
88-951-9038,Beverages,7,72,11,15.0,2025-02-11,11
45-317-9731,Oils & Fats,7,83,44,1.8,2024-08-20,44
63-874-9747,Fruits & Vegetables,7,59,36,3.0,2024-11-11,36
44-546-5713,Fruits & Vegetables,7,69,94,4.0,2025-02-13,94
23-070-2433,Grains & Pulses,7,7,68,2.5,2024-12-28,68
91-257-3672,Seafood,7,75,78,7.0,2024-07-05,78
69-561-2496,Fruits & Vegetables,7,29,82,15.31,2024-12-09,82
87-013-6488,Grains & Pulses,7,10,22,4.25,2024-04-14,22
31-969-4614,Beverages,7,89,62,20.0,2025-01-15,62
96-209-1739,Dairy,7,81,70,2.0,2024-02-29,70
20-022-3173,Grains & Pulses,7,63,21,1.5,2025-02-22,21
44-552-3909,Fruits & Vegetables,7,50,61,4.5,2025-01-19,61
40-902-1995,Fruits & Vegetables,7,88,46,4.8,2024-04-01,46
07-846-4804,Grains & Pulses,7,25,20,4.75,2024-09-25,20
17-504-3699,Fruits & Vegetables,7,60,80,2.0,2024-08-17,80
55-522-8242,Dairy,7,36,29,4.0,2024-09-07,29
17-022-9721,Fruits & Vegetables,7,63,43,3.5,2025-01-12,43
03-940-0630,Oils & Fats,7,43,23,2.5,2024-04-03,23
71-594-6552,Grains & Pulses,7,59,12,1.5,2024-04-17,12
20-225-3930,Beverages,7,87,99,25.0,2024-03-17,99
53-151-5726,Fruits & Vegetables,7,45,37,5.5,2024-04-20,37
77-777-4536,Grains & Pulses,7,67,26,4.4,2024-04-04,26
07-834-3320,Dairy,7,60,94,0.8,2024-09-20,94
51-761-6320,Dairy,7,78,43,2.5,2024-06-22,43
34-291-4939,Bakery,7,49,34,4.0,2025-02-13,34
67-025-1245,Fruits & Vegetables,7,46,88,1.0,2024-08-12,88
63-936-0145,Fruits & Vegetables,7,56,22,4.0,2024-12-03,22
27-495-1912,Fruits & Vegetables,7,63,26,1.2,2024-05-24,26
47-554-5780,Seafood,7,62,93,9.0,2024-04-17,93
21-013-3508,Fruits & Vegetables,7,95,12,1.0,2024-11-10,12
39-913-2999,Dairy,7,99,23,2.0,2024-04-10,23
82-395-5070,Bakery,7,81,75,5.0,2025-02-20,75
62-100-2245,Bakery,7,60,22,4.2,2024-07-12,22
09-712-3630,Fruits & Vegetables,7,62,87,5.5,2024-09-30,87
25-010-9478,Fruits & Vegetables,7,30,74,3.0,2024-07-31,74
03-919-9890,Seafood,7,29,47,20.0,2024-07-25,47
61-293-6327,Seafood,7,67,98,15.0,2024-04-04,98
08-519-5579,Fruits & Vegetables,7,4,35,4.0,2024-08-16,35
00-366-9496,Fruits & Vegetables,7,66,30,5.5,2024-12-28,30
28-840-6096,Fruits & Vegetables,7,65,19,6.0,2024-09-12,19
04-542-3863,Grains & Pulses,7,46,34,1.5,2024-12-22,34
18-199-5799,Dairy,7,81,40,9.0,2024-10-30,40
56-875-3717,Grains & Pulses,7,54,89,2.5,2024-05-03,89
25-522-6043,Dairy,7,93,71,7.0,2025-02-03,71
27-459-0724,Dairy,7,7,91,7.0,2025-02-24,91
75-080-4909,Oils & Fats,7,55,20,2.5,2024-09-09,20
07-970-9352,Fruits & Vegetables,7,33,96,4.45,2024-07-12,96
26-134-9069,Dairy,7,87,14,4.0,2025-01-30,14
08-396-2704,Grains & Pulses,7,12,42,2.0,2024-05-10,42
24-975-4231,Fruits & Vegetables,7,61,31,2.1,2024-08-17,31
28-197-9246,Grains & Pulses,7,30,47,2.5,2024-05-23,47
77-013-1553,Oils & Fats,7,31,79,2.3,2024-08-20,79
83-716-2177,Seafood,7,46,18,20.0,2024-09-13,18
55-164-7723,Seafood,7,31,82,20.0,2025-01-08,82
22-778-3553,Dairy,7,77,36,9.0,2025-02-09,36
14-331-3739,Oils & Fats,7,89,24,10.0,2024-03-28,24
47-578-4161,Seafood,7,56,88,10.0,2024-09-14,88
59-857-6577,Dairy,7,100,23,2.0,2024-03-04,23
02-559-8196,Fruits & Vegetables,7,14,61,5.2,2024-07-25,61
13-900-9016,Fruits & Vegetables,7,96,89,4.5,2024-09-19,89
15-144-9413,Fruits & Vegetables,7,15,58,5.9,2024-07-29,58
65-527-9488,Fruits & Vegetables,7,72,38,5.5,2024-10-10,38
74-818-3306,Fruits & Vegetables,7,70,45,2.45,2024-05-09,45
60-198-7050,Beverages,7,59,26,8.0,2024-03-19,26
82-041-7211,Dairy,7,49,49,8.0,2024-07-01,49
17-002-4721,Fruits & Vegetables,7,55,31,2.0,2024-10-29,31
74-404-0582,Fruits & Vegetables,7,82,57,8.0,2024-06-11,57
73-561-2867,Bakery,7,86,12,4.0,2024-09-29,12
45-194-4094,Fruits & Vegetables,7,71,64,3.9,2024-10-10,64
92-362-3567,Fruits & Vegetables,7,10,11,2.5,2024-12-25,11
96-961-2193,Grains & Pulses,7,39,46,4.75,2024-11-10,46
92-652-3737,Fruits & Vegetables,7,56,89,2.5,2024-10-01,89
89-673-1543,Bakery,7,78,72,4.0,2025-01-03,72
70-815-4015,Bakery,7,93,38,6.0,2024-08-30,38
90-737-0044,Grains & Pulses,7,98,79,6.0,2024-05-17,79
67-473-7093,Beverages,7,12,56,5.0,2024-04-19,56
22-621-2774,Fruits & Vegetables,7,26,54,6.0,2024-06-14,54
15-240-6267,Fruits & Vegetables,7,55,91,3.0,2024-04-26,91
75-152-8731,Fruits & Vegetables,7,65,82,4.45,2024-08-08,82
40-913-9772,Dairy,7,30,36,0.2,2024-05-26,36
29-377-7040,Grains & Pulses,7,77,22,3.0,2024-07-29,22
72-780-6006,Oils & Fats,7,24,87,2.5,2024-04-17,87
91-127-7489,Fruits & Vegetables,7,8,44,2.95,2024-08-04,44
17-647-0503,Seafood,7,12,96,8.0,2024-08-20,96
91-848-0606,Fruits & Vegetables,7,22,39,2.0,2024-10-28,39
11-745-3025,Fruits & Vegetables,7,27,15,4.0,2024-09-03,15
29-823-6004,Fruits & Vegetables,7,79,52,2.5,2024-03-10,52
21-718-6746,Fruits & Vegetables,7,53,16,5.0,2024-06-06,16
86-692-2312,Oils & Fats,7,48,30,10.0,2024-04-30,30
54-109-8062,Grains & Pulses,7,69,75,4.5,2025-02-16,75
74-943-9034,Bakery,7,91,30,2.5,2024-05-06,30
71-300-2191,Fruits & Vegetables,7,72,79,4.0,2024-05-01,79
65-145-9672,Grains & Pulses,7,10,71,1.5,2024-05-26,71
93-966-7754,Fruits & Vegetables,7,35,65,3.5,2024-09-27,65
27-216-9671,Oils & Fats,7,86,100,6.5,2024-06-04,100
44-538-3366,Seafood,7,77,58,18.0,2024-03-30,58
34-075-0371,Fruits & Vegetables,7,10,75,3.0,2024-12-03,75
24-972-6969,Dairy,7,53,69,9.2,2024-06-13,69
92-455-2959,Beverages,7,62,59,10.3,2024-02-25,59
58-182-6781,Bakery,7,55,34,5.0,2024-11-15,34
42-134-9798,Oils & Fats,7,80,19,2.3,2024-12-30,19
18-278-2383,Dairy,7,77,97,7.0,2024-07-02,97
03-597-9488,Dairy,7,66,70,2.5,2024-03-28,70
14-681-7035,Beverages,7,90,36,25.0,2024-05-18,36
01-439-6231,Oils & Fats,7,100,88,2.5,2024-12-09,88
25-911-7736,Fruits & Vegetables,7,48,75,3.0,2024-08-29,75
36-918-2937,Beverages,7,89,62,12.0,2024-11-28,62
37-666-3902,Fruits & Vegetables,7,73,19,2.45,2024-06-12,19
27-757-4489,Dairy,7,78,35,2.5,2024-07-04,35
97-040-3822,Dairy,7,99,50,8.0,2024-05-17,50
98-445-7372,Seafood,7,79,65,8.0,2024-05-30,65
92-152-5820,Beverages,7,36,18,5.3,2024-06-24,18
24-986-5091,Bakery,7,22,89,5.5,2024-08-14,89
22-849-2551,Fruits & Vegetables,7,1,34,6.2,2024-09-08,34
15-169-8058,Grains & Pulses,7,97,87,1.5,2024-04-18,87
78-953-2073,Oils & Fats,7,20,53,2.3,2025-01-04,53
10-255-8579,Grains & Pulses,7,53,56,4.5,2025-01-28,56
82-948-2298,Fruits & Vegetables,7,91,38,5.7,2024-11-21,38
60-747-8704,Fruits & Vegetables,7,97,97,4.5,2024-08-22,97
40-462-2952,Seafood,7,68,91,11.5,2024-11-19,91
98-235-2711,Fruits & Vegetables,7,40,22,5.0,2025-01-26,22
83-108-1174,Bakery,7,68,78,2.5,2024-12-25,78
28-505-8317,Fruits & Vegetables,7,85,23,3.0,2025-01-28,23
31-803-5001,Fruits & Vegetables,7,16,78,4.7,2024-06-01,78
17-236-0566,Fruits & Vegetables,7,87,95,2.0,2024-08-04,95
76-090-4411,Dairy,7,94,49,6.0,2024-04-16,49
43-910-2342,Fruits & Vegetables,7,69,26,4.0,2024-07-19,26
05-425-0746,Fruits & Vegetables,7,68,50,2.0,2024-06-05,50
93-815-0565,Oils & Fats,7,36,50,6.5,2024-07-01,50
67-270-7464,Grains & Pulses,7,73,91,4.75,2024-12-07,91
61-827-4098,Seafood,7,42,23,8.0,2024-03-24,23
92-291-7089,Dairy,7,15,76,9.5,2024-05-06,76
76-070-1411,Dairy,7,75,15,1.9,2025-02-14,15
36-330-5036,Seafood,7,28,79,15.0,2024-05-17,79
02-034-6209,Dairy,7,43,22,4.1,2024-10-08,22
49-891-4927,Dairy,7,5,37,5.0,2024-11-28,37
94-020-6982,Seafood,7,75,25,18.0,2024-05-04,25
88-807-8431,Seafood,7,87,11,9.0,2025-02-09,11
19-672-8982,Dairy,7,87,21,3.1,2024-03-31,21
07-389-5740,Dairy,7,94,34,0.8,2024-07-17,34
39-629-5554,Dairy,7,90,44,2.5,2025-02-05,44
27-635-8394,Fruits & Vegetables,7,37,88,2.9,2024-03-19,88
14-844-4138,Beverages,7,43,61,15.0,2024-03-03,61
65-464-5070,Dairy,7,60,12,4.0,2024-09-01,12
46-911-1159,Fruits & Vegetables,7,40,98,2.0,2024-12-19,98
35-617-3857,Beverages,7,31,46,20.0,2024-03-06,46
41-237-5498,Dairy,7,53,88,9.0,2025-02-06,88
86-672-4191,Dairy,7,22,88,2.5,2025-02-08,88
10-555-5971,Bakery,7,56,94,4.0,2024-09-27,94
45-050-4720,Grains & Pulses,7,78,18,6.0,2024-03-13,18
73-997-6251,Fruits & Vegetables,7,18,94,4.5,2024-09-17,94
53-446-8243,Fruits & Vegetables,7,94,41,3.0,2024-04-23,41
12-798-9401,Dairy,7,14,18,2.5,2024-05-25,18
93-014-4256,Fruits & Vegetables,7,92,19,2.0,2024-10-13,19
60-911-3745,Grains & Pulses,7,41,98,6.35,2025-01-18,98
53-146-9979,Grains & Pulses,7,15,21,2.5,2024-08-08,21
65-780-5622,Bakery,7,81,74,6.0,2024-05-27,74
29-896-7926,Grains & Pulses,7,20,20,1.8,2024-05-06,20
67-027-7269,Fruits & Vegetables,7,19,35,6.5,2024-11-09,35
25-353-2067,Fruits & Vegetables,7,16,81,4.3,2024-07-25,81
72-341-1154,Dairy,7,66,85,4.2,2024-09-09,85
16-187-5729,Beverages,7,58,45,5.0,2024-03-30,45
49-311-3063,Fruits & Vegetables,7,75,47,6.0,2024-07-03,47
98-652-9569,Bakery,7,7,12,6.0,2024-06-23,12
78-689-8958,Beverages,7,43,20,25.0,2024-03-29,20
66-378-7532,Fruits & Vegetables,7,51,87,10.0,2024-05-06,87
14-115-8371,Bakery,7,76,23,5.0,2024-09-01,23
76-540-6407,Fruits & Vegetables,7,54,92,3.1,2024-12-13,92
81-573-0943,Dairy,7,58,22,0.2,2024-11-14,22
68-732-5919,Grains & Pulses,7,83,26,4.75,2024-05-17,26
68-734-1585,Fruits & Vegetables,7,44,62,51.17,2024-07-13,62
93-342-8794,Grains & Pulses,7,91,84,1.5,2024-11-22,84
42-175-1648,Fruits & Vegetables,7,87,81,6.0,2024-09-09,81
46-083-7058,Seafood,7,91,61,9.0,2024-06-09,61
66-716-8221,Dairy,7,96,70,9.0,2025-01-17,70
12-714-5135,Dairy,7,28,49,6.0,2024-04-25,49
35-031-1497,Beverages,7,68,20,12.0,2024-11-02,20
54-708-7327,Grains & Pulses,7,14,50,4.75,2024-04-15,50
63-897-8088,Fruits & Vegetables,7,56,63,2.5,2024-10-16,63
79-494-2472,Fruits & Vegetables,7,48,42,2.0,2024-04-23,42
15-679-3935,Fruits & Vegetables,7,69,22,5.5,2025-02-20,22
31-608-1445,Fruits & Vegetables,7,28,84,4.4,2024-12-14,84
70-206-4860,Dairy,7,68,93,0.8,2024-09-17,93
30-832-5429,Bakery,7,43,46,3.5,2024-09-17,46
01-173-0029,Fruits & Vegetables,7,4,42,10.0,2024-04-12,42
65-235-7676,Bakery,7,71,91,3.5,2024-06-03,91
79-400-6216,Dairy,7,56,16,7.2,2024-10-02,16
35-836-6718,Dairy,7,14,91,6.0,2025-01-22,91
08-573-9997,Fruits & Vegetables,7,1,26,6.0,2024-12-02,26
66-854-5736,Fruits & Vegetables,7,57,63,5.8,2024-05-10,63
85-835-3445,Dairy,7,93,50,2.45,2024-05-12,50
10-768-2443,Bakery,7,55,93,3.25,2024-12-19,93
19-112-1616,Fruits & Vegetables,7,56,88,2.0,2024-06-28,88
89-388-3239,Fruits & Vegetables,7,88,54,5.5,2024-04-19,54
22-760-4605,Dairy,7,20,86,1.75,2024-08-03,86
38-664-2155,Fruits & Vegetables,7,27,48,2.55,2024-05-30,48
89-713-6071,Oils & Fats,7,66,89,6.5,2024-11-25,89
56-191-6497,Grains & Pulses,7,41,97,1.5,2025-01-07,97
27-389-3529,Seafood,7,8,84,9.0,2024-03-09,84
11-604-6002,Oils & Fats,7,17,69,2.3,2024-05-29,69
20-448-2972,Fruits & Vegetables,7,6,80,5.0,2024-09-16,80
77-959-1018,Fruits & Vegetables,7,22,22,2.0,2024-06-12,22
69-895-3397,Fruits & Vegetables,7,5,28,1.8,2024-03-04,28
32-933-0329,Fruits & Vegetables,7,38,23,10.0,2024-04-15,23
33-440-2588,Fruits & Vegetables,7,12,26,4.4,2025-02-24,26
02-085-7218,Dairy,7,28,85,8.9,2025-01-28,85
43-193-9915,Dairy,7,58,55,7.2,2024-09-23,55
62-998-7250,Dairy,7,3,72,2.0,2024-10-05,72
70-871-4536,Dairy,7,4,29,8.0,2024-06-17,29
38-822-8005,Fruits & Vegetables,7,20,47,1.75,2024-03-31,47
38-390-2115,Fruits & Vegetables,7,69,42,1.2,2024-03-01,42
28-968-4195,Fruits & Vegetables,7,52,97,3.0,2024-10-13,97
09-286-8107,Dairy,7,62,90,3.0,2024-12-15,90
00-405-7428,Fruits & Vegetables,7,74,81,3.5,2025-01-12,81
43-893-5408,Grains & Pulses,7,90,60,3.0,2024-08-24,60
52-481-5224,Fruits & Vegetables,7,24,45,6.0,2025-02-15,45
34-131-8805,Dairy,7,92,92,1.75,2024-12-22,92
36-840-2728,Seafood,7,21,76,7.5,2024-03-14,76
64-418-8356,Oils & Fats,7,24,80,2.5,2024-04-28,80
51-462-0747,Fruits & Vegetables,7,30,21,2.0,2024-03-10,21
74-711-7160,Grains & Pulses,7,69,84,4.5,2024-06-01,84
44-637-5512,Fruits & Vegetables,7,12,58,3.0,2024-05-26,58
27-881-1177,Beverages,7,47,34,8.0,2024-11-23,34
72-404-5581,Grains & Pulses,7,17,54,9.5,2025-02-08,54
12-046-2988,Oils & Fats,7,63,17,2.5,2024-11-21,17
21-816-1004,Beverages,7,13,84,15.0,2024-07-22,84
81-605-6246,Seafood,7,31,73,6.0,2024-03-06,73
11-815-7923,Dairy,7,9,96,11.8,2024-08-06,96
26-456-1992,Seafood,7,59,56,7.0,2024-07-29,56
63-168-6018,Fruits & Vegetables,7,63,60,1.8,2024-05-01,60
70-854-6891,Bakery,7,84,41,4.0,2024-11-12,41
87-762-1317,Dairy,7,63,45,7.0,2025-02-09,45
80-374-5711,Beverages,7,77,48,31.0,2024-12-07,48
60-456-8169,Dairy,7,28,21,9.0,2024-02-25,21
99-543-5039,Fruits & Vegetables,7,88,65,2.5,2024-07-29,65
72-810-9753,Oils & Fats,7,84,14,6.5,2024-12-12,14
78-956-4737,Grains & Pulses,7,1,47,4.2,2024-04-18,47
46-415-8633,Fruits & Vegetables,7,36,71,3.5,2025-01-02,71
06-611-5454,Oils & Fats,7,21,64,4.0,2024-11-16,64
27-783-5470,Dairy,7,65,74,7.0,2024-03-16,74
55-697-5242,Dairy,7,53,51,6.0,2024-09-24,51
15-082-9124,Fruits & Vegetables,7,35,89,5.0,2024-05-07,89
06-996-3221,Dairy,7,9,11,2.0,2024-06-10,11
45-634-0679,Seafood,7,100,98,9.0,2024-08-27,98
15-796-3130,Bakery,7,58,50,3.0,2024-05-29,50
51-000-8113,Beverages,7,27,24,8.0,2024-11-20,24
20-387-7746,Grains & Pulses,7,10,64,2.5,2024-10-27,64
82-931-7126,Fruits & Vegetables,7,95,34,5.0,2024-05-12,34
55-631-7937,Dairy,7,54,26,3.0,2025-01-21,26
11-338-4598,Fruits & Vegetables,7,58,72,1.2,2025-02-23,72
52-402-9245,Fruits & Vegetables,7,40,89,4.0,2024-09-19,89
09-536-2626,Oils & Fats,7,52,83,6.0,2024-03-21,83
48-427-0551,Beverages,7,55,13,20.0,2024-11-03,13
06-706-6490,Beverages,7,66,15,8.0,2024-03-15,15
29-135-0791,Grains & Pulses,7,48,56,4.75,2025-01-11,56
89-624-7462,Fruits & Vegetables,7,3,18,5.0,2024-11-24,18
82-231-4245,Grains & Pulses,7,91,32,10.0,2025-01-16,32
42-220-9305,Grains & Pulses,7,98,91,2.0,2024-10-14,91
02-920-4829,Bakery,7,87,92,2.5,2024-05-22,92
61-801-8665,Beverages,7,88,42,10.5,2024-06-24,42
01-144-5960,Seafood,7,25,75,12.0,2024-07-13,75
98-575-4736,Fruits & Vegetables,7,11,76,1.8,2024-09-17,76
30-996-2526,Fruits & Vegetables,7,90,86,2.1,2024-09-07,86
45-380-4627,Fruits & Vegetables,7,1,90,0.9,2025-02-16,90
47-548-6500,Fruits & Vegetables,7,93,20,2.0,2024-12-25,20
30-591-7275,Grains & Pulses,7,88,17,2.5,2025-01-18,17
38-296-6634,Fruits & Vegetables,7,46,49,3.0,2024-12-10,49
98-858-6323,Dairy,7,17,20,8.0,2024-11-16,20
69-743-0161,Grains & Pulses,7,54,99,1.5,2024-11-21,99
71-067-3278,Seafood,7,35,51,10.0,2024-08-16,51
24-143-4957,Oils & Fats,7,97,25,2.3,2024-08-15,25
31-387-5020,Dairy,7,41,63,11.9,2024-08-14,63
33-378-1365,Dairy,7,66,50,2.5,2025-02-04,50
41-729-5410,Seafood,7,59,91,6.0,2024-06-26,91
33-335-9140,Oils & Fats,7,17,28,6.0,2024-08-27,28
40-021-2400,Fruits & Vegetables,7,18,29,2.5,2024-05-11,29
81-268-5905,Seafood,7,26,89,7.5,2024-06-14,89
38-617-7226,Fruits & Vegetables,7,42,65,6.3,2024-07-13,65
54-822-9009,Grains & Pulses,7,38,40,3.2,2025-01-03,40
02-655-3240,Grains & Pulses,7,44,99,2.0,2024-06-20,99
01-839-6534,Grains & Pulses,7,28,56,3.0,2024-09-02,56
98-499-2220,Dairy,7,3,37,12.0,2024-11-21,37
69-171-1305,Grains & Pulses,7,29,31,2.5,2024-10-11,31
57-394-4703,Beverages,7,83,81,25.0,2024-10-16,81
58-946-5152,Grains & Pulses,7,77,11,1.5,2024-07-10,11
74-587-2065,Fruits & Vegetables,7,20,29,4.5,2024-03-02,29
69-287-9113,Fruits & Vegetables,7,91,59,2.5,2024-12-16,59
03-441-4252,Dairy,7,83,12,1.75,2024-07-24,12
29-344-3658,Fruits & Vegetables,7,56,75,1.9,2024-09-19,75
12-342-4482,Seafood,7,83,67,11.6,2024-08-29,67
99-894-4351,Grains & Pulses,7,54,29,2.0,2024-12-25,29
34-709-9237,Fruits & Vegetables,7,81,61,1.5,2024-04-24,61
05-498-7751,Fruits & Vegetables,7,22,52,2.5,2024-03-24,52
32-270-1385,Fruits & Vegetables,7,38,28,42.58,2024-08-08,28
67-710-5120,Grains & Pulses,7,92,84,1.5,2024-02-25,84
37-709-3532,Fruits & Vegetables,7,45,79,6.0,2024-05-11,79
60-311-5701,Oils & Fats,7,78,39,6.5,2024-07-17,39
97-093-4278,Dairy,7,98,69,2.55,2024-06-01,69
41-131-3841,Grains & Pulses,7,19,77,9.5,2024-03-20,77
40-630-1431,Fruits & Vegetables,7,66,29,8.0,2024-11-07,29
64-493-5270,Oils & Fats,7,59,69,1.8,2024-05-22,69
07-219-8017,Oils & Fats,7,2,40,1.8,2024-11-08,40
73-751-4393,Fruits & Vegetables,7,10,68,2.0,2024-03-23,68
50-942-2409,Fruits & Vegetables,7,91,75,3.0,2024-12-10,75
01-018-6418,Bakery,7,29,68,5.0,2024-07-16,68
59-725-4038,Beverages,7,34,78,20.5,2024-08-23,78
40-997-2786,Dairy,7,98,76,1.75,2024-10-14,76
11-766-8738,Fruits & Vegetables,7,64,27,3.0,2024-03-22,27
40-860-4532,Beverages,7,72,74,21.0,2025-02-05,74
55-936-2406,Grains & Pulses,7,93,27,1.5,2024-04-05,27
62-816-8794,Grains & Pulses,7,76,15,2.0,2025-02-06,15
04-104-6993,Dairy,7,1,60,2.45,2024-10-15,60
35-835-5591,Seafood,7,63,95,7.0,2024-03-08,95
83-704-6367,Beverages,7,87,21,21.0,2024-09-07,21
60-771-0879,Fruits & Vegetables,7,15,89,10.0,2024-05-03,89
27-269-5260,Fruits & Vegetables,7,81,14,3.5,2024-10-22,14
20-031-0532,Fruits & Vegetables,7,63,32,4.9,2024-11-09,32
19-323-0506,Seafood,7,43,68,20.0,2024-10-15,68
46-452-9419,Dairy,7,10,43,1.0,2024-07-08,43
90-492-0564,Fruits & Vegetables,7,96,92,6.0,2024-07-20,92
17-395-1121,Fruits & Vegetables,7,16,85,3.85,2024-12-03,85
83-400-9746,Dairy,7,1,24,7.0,2024-02-29,24
19-854-3663,Fruits & Vegetables,7,88,13,3.0,2024-12-14,13
57-167-0669,Seafood,7,99,19,9.0,2024-12-30,19
76-954-1442,Beverages,7,77,97,20.0,2024-03-18,97
83-763-5038,Dairy,7,64,52,2.4,2024-10-23,52
80-375-9075,Dairy,7,34,96,8.0,2024-06-19,96
87-391-9658,Oils & Fats,7,100,26,2.5,2025-01-07,26
67-725-6830,Grains & Pulses,7,47,51,2.5,2024-06-18,51
12-093-9863,Grains & Pulses,7,19,51,4.5,2024-06-26,51
44-408-7594,Fruits & Vegetables,7,21,39,3.0,2025-01-08,39
04-637-8815,Fruits & Vegetables,7,91,90,5.0,2024-11-24,90
88-746-9468,Fruits & Vegetables,7,92,35,2.0,2024-11-14,35
32-987-5559,Beverages,7,88,39,8.0,2024-05-15,39
02-484-0206,Grains & Pulses,7,97,64,3.0,2024-08-02,64
80-441-7249,Grains & Pulses,7,30,98,10.0,2024-08-10,98
41-316-8427,Grains & Pulses,7,93,95,4.5,2024-09-21,95
56-668-5370,Oils & Fats,7,96,70,2.0,2024-08-03,70
45-172-7012,Fruits & Vegetables,7,91,20,4.5,2024-12-01,20
93-015-0811,Fruits & Vegetables,7,7,18,3.5,2024-06-26,18
52-029-2382,Oils & Fats,7,86,54,5.0,2024-04-08,54
28-044-4102,Fruits & Vegetables,7,28,19,4.5,2024-08-27,19
34-861-4446,Dairy,7,40,66,6.0,2025-01-06,66
80-334-0215,Fruits & Vegetables,7,27,88,5.5,2024-06-22,88
94-697-2396,Bakery,7,97,71,4.0,2024-07-07,71
76-027-4850,Fruits & Vegetables,7,37,39,2.0,2024-06-24,39
15-907-3681,Fruits & Vegetables,7,42,20,3.85,2025-02-20,20
00-641-8691,Beverages,7,22,33,15.0,2024-08-30,33
15-762-1058,Fruits & Vegetables,7,83,29,2.0,2025-01-04,29
57-779-4955,Grains & Pulses,7,48,92,6.25,2025-01-20,92
68-436-1268,Dairy,7,92,70,1.0,2024-07-11,70
26-000-1012,Dairy,7,54,65,12.0,2024-04-12,65
75-094-1179,Bakery,7,79,26,3.0,2024-07-18,26
11-032-9778,Fruits & Vegetables,7,1,99,3.0,2024-08-19,99
24-478-8277,Bakery,7,26,47,3.25,2024-11-26,47
12-239-9399,Fruits & Vegetables,7,40,28,1.2,2024-10-27,28
83-321-7887,Dairy,7,75,44,1.0,2024-08-02,44
80-371-3695,Dairy,7,42,89,5.0,2024-12-10,89
49-199-6836,Fruits & Vegetables,7,64,100,2.5,2024-08-24,100
85-510-2915,Bakery,7,49,62,2.5,2024-10-09,62
08-637-9335,Fruits & Vegetables,7,7,100,2.0,2024-07-25,100
85-212-2729,Dairy,7,94,42,2.5,2024-05-16,42
51-469-4611,Grains & Pulses,7,81,62,1.6,2025-01-07,62
34-928-2775,Fruits & Vegetables,7,47,19,5.0,2025-01-28,19
32-676-1026,Seafood,7,46,52,15.0,2024-04-16,52
53-080-8252,Bakery,7,85,30,4.5,2024-11-20,30
49-526-7806,Fruits & Vegetables,7,52,77,4.0,2024-05-01,77
31-157-1822,Dairy,7,80,96,6.1,2025-01-28,96
91-426-3204,Seafood,7,71,67,9.0,2024-07-08,67
64-109-7362,Seafood,7,55,86,10.0,2024-09-29,86
68-418-6724,Dairy,7,4,63,12.0,2024-09-30,63
93-813-2419,Bakery,7,16,39,4.0,2024-06-22,39
52-123-8039,Fruits & Vegetables,7,65,43,6.0,2025-01-16,43
74-666-5671,Seafood,7,33,37,18.0,2024-05-04,37
26-161-6692,Fruits & Vegetables,7,90,61,2.5,2024-09-19,61
44-368-7112,Oils & Fats,7,32,28,2.5,2024-12-06,28
01-820-5784,Dairy,7,38,63,1.0,2024-04-26,63
10-378-9729,nan,7,21,69,66.55,2024-09-21,69
39-479-5147,Seafood,7,68,92,18.0,2024-04-04,92
95-262-6208,Beverages,7,78,19,5.0,2024-07-29,19
37-248-6266,Fruits & Vegetables,7,74,84,4.5,2024-05-24,84
43-851-9440,Fruits & Vegetables,7,75,14,1.9,2024-03-04,14
11-053-0107,Fruits & Vegetables,7,25,30,8.0,2024-06-28,30
28-608-0039,Fruits & Vegetables,7,60,63,2.5,2024-04-15,63
96-334-2593,Beverages,7,27,60,25.3,2024-11-19,60
73-010-8323,Seafood,7,34,16,18.0,2024-04-29,16
86-273-9377,Grains & Pulses,7,86,18,1.8,2024-11-29,18
35-353-4068,Grains & Pulses,7,11,64,1.5,2024-07-05,64
02-974-8526,Fruits & Vegetables,7,4,74,2.0,2024-08-07,74
95-252-9619,Fruits & Vegetables,7,39,92,1.6,2024-11-09,92
43-469-7551,Beverages,7,36,45,20.0,2025-01-25,45
08-495-6853,Dairy,7,62,74,4.0,2024-08-14,74
83-556-0996,Grains & Pulses,7,34,88,2.4,2024-10-30,88
65-282-0419,Beverages,7,100,50,25.5,2024-12-05,50
95-449-1286,Dairy,7,17,10,0.2,2024-09-08,10
00-534-9775,Beverages,7,91,87,14.9,2024-08-17,87
09-618-2842,Grains & Pulses,7,82,38,2.0,2024-08-06,38
74-610-2295,Beverages,7,31,61,12.5,2024-09-26,61
17-265-1899,Fruits & Vegetables,7,35,81,3.0,2025-02-10,81
06-336-5482,Seafood,7,34,89,6.0,2024-08-24,89
20-283-0111,Fruits & Vegetables,7,55,58,4.45,2025-01-06,58
77-937-1108,Grains & Pulses,7,83,39,2.0,2024-04-12,39
07-337-9889,Fruits & Vegetables,7,6,95,2.5,2024-09-29,95
81-578-7404,Dairy,7,79,67,7.0,2024-04-06,67
90-303-1821,Fruits & Vegetables,7,20,50,2.0,2024-10-05,50
42-495-7698,Grains & Pulses,7,11,10,4.3,2024-07-22,10
57-101-0060,Grains & Pulses,7,73,59,2.75,2024-09-11,59
99-561-4871,Seafood,7,38,17,9.0,2024-07-28,17
40-126-0515,Fruits & Vegetables,7,37,74,1.5,2024-12-18,74
19-377-5021,Seafood,7,96,91,7.5,2024-12-24,91
60-644-6596,Seafood,7,67,89,12.0,2024-11-10,89
82-711-0772,Dairy,7,58,72,2.4,2024-10-23,72
55-803-3964,Grains & Pulses,7,60,25,1.5,2024-10-30,25
00-119-8780,Seafood,7,81,40,20.0,2024-03-04,40
13-888-0149,Fruits & Vegetables,7,18,75,2.0,2024-03-15,75
51-273-4240,Bakery,7,57,85,3.5,2024-06-20,85
23-395-3157,Oils & Fats,7,66,41,2.0,2024-03-16,41
03-149-9760,Dairy,7,99,92,4.0,2024-03-26,92
02-895-7781,Grains & Pulses,7,55,51,5.0,2025-01-24,51
95-354-8583,Grains & Pulses,7,40,98,1.5,2024-10-20,98
27-681-5588,Seafood,7,99,100,10.0,2024-12-07,100
70-534-7796,Fruits & Vegetables,7,21,43,2.5,2025-01-17,43
72-066-4597,Fruits & Vegetables,7,54,31,4.0,2024-12-13,31
79-884-8810,Fruits & Vegetables,7,93,12,1.75,2024-08-15,12
08-703-1382,Fruits & Vegetables,7,53,40,4.0,2024-06-21,40
39-315-3936,Dairy,7,62,57,4.0,2024-08-10,57
06-690-2335,Grains & Pulses,7,15,24,4.75,2024-05-07,24
43-153-8268,Oils & Fats,7,61,75,2.0,2024-10-02,75
44-634-8292,Grains & Pulses,7,69,60,2.75,2025-01-02,60
96-774-0457,Seafood,7,50,56,8.0,2024-10-22,56
50-930-4751,Seafood,7,40,88,15.0,2024-02-25,88
63-918-8253,Fruits & Vegetables,7,98,53,5.0,2024-09-29,53
84-629-1532,Beverages,7,89,22,21.0,2024-07-20,22
77-312-6317,Fruits & Vegetables,7,29,41,2.4,2024-10-01,41
21-693-8216,Oils & Fats,7,96,70,2.5,2024-10-27,70
74-430-8245,Fruits & Vegetables,7,90,73,4.0,2024-03-06,73
39-449-0772,Dairy,7,13,94,7.0,2024-10-05,94
51-312-8608,Dairy,7,60,68,8.9,2024-04-29,68
89-543-3456,Fruits & Vegetables,7,40,66,10.0,2025-02-06,66
57-861-4379,Dairy,7,8,93,8.0,2025-02-04,93
39-768-8205,Dairy,7,97,56,2.5,2024-11-29,56
95-130-9020,Dairy,7,12,82,4.1,2025-01-21,82
02-575-1980,Fruits & Vegetables,7,58,11,4.0,2024-11-24,11
22-895-6595,Grains & Pulses,7,32,31,2.0,2024-11-21,31
85-207-4164,Fruits & Vegetables,7,20,97,3.0,2024-12-10,97
26-799-3714,Beverages,7,2,74,10.0,2024-04-06,74
57-903-6434,Fruits & Vegetables,7,67,44,2.5,2024-03-23,44
80-227-6886,Fruits & Vegetables,7,4,33,7.0,2024-06-14,33
31-255-9616,Seafood,7,71,88,18.0,2024-03-16,88
37-610-1999,Seafood,7,67,14,20.0,2024-10-19,14
86-330-0214,Beverages,7,64,36,20.0,2024-03-30,36
29-592-7315,Grains & Pulses,7,4,56,4.5,2024-09-22,56
86-257-4613,Grains & Pulses,7,26,44,4.75,2024-08-05,44
79-350-5841,Grains & Pulses,7,44,33,4.75,2024-04-17,33
22-329-7791,Fruits & Vegetables,7,41,53,3.0,2024-09-19,53
10-854-5467,Oils & Fats,7,51,96,2.3,2024-11-26,96
70-612-2531,Fruits & Vegetables,7,48,48,3.45,2024-10-30,48
71-516-1996,Oils & Fats,7,52,96,2.5,2024-06-20,96
71-999-2404,Fruits & Vegetables,7,58,58,4.7,2025-01-29,58
29-875-6900,Fruits & Vegetables,7,28,45,4.5,2024-08-22,45
11-922-3342,Beverages,7,77,24,15.5,2024-03-04,24
74-562-7431,Bakery,7,34,94,5.5,2024-11-01,94
95-357-2870,Grains & Pulses,7,80,86,4.5,2024-05-20,86
04-277-5245,Grains & Pulses,7,51,20,5.0,2024-06-18,20
91-105-7317,Fruits & Vegetables,7,45,85,3.0,2025-02-02,85
37-246-0018,Fruits & Vegetables,7,59,30,4.0,2024-04-11,30
27-474-0056,Fruits & Vegetables,7,6,23,2.5,2024-06-19,23
12-439-8428,Fruits & Vegetables,7,3,17,3.0,2024-05-31,17
56-657-4387,Bakery,7,77,61,2.5,2024-06-22,61
91-290-9062,Bakery,7,2,29,4.0,2024-09-25,29
06-503-5891,Dairy,7,22,40,2.45,2024-03-16,40
37-064-7275,Beverages,7,42,20,10.0,2024-09-22,20
21-993-5632,Fruits & Vegetables,7,72,51,3.0,2024-10-23,51
05-720-8792,Fruits & Vegetables,7,91,80,1.5,2024-10-26,80
36-531-4087,Grains & Pulses,7,12,85,9.5,2024-03-14,85
61-680-9496,Fruits & Vegetables,7,14,17,3.5,2024-04-14,17
36-636-4873,Grains & Pulses,7,100,86,6.1,2024-05-30,86
45-992-5653,Grains & Pulses,7,67,82,2.75,2024-10-19,82
85-781-5386,Seafood,7,68,78,15.0,2024-12-28,78
76-459-2392,Oils & Fats,7,4,74,1.8,2024-05-24,74
92-791-0606,Grains & Pulses,7,62,18,3.0,2024-09-06,18
87-199-2743,Fruits & Vegetables,7,74,59,4.5,2024-11-12,59
04-038-1547,Bakery,7,2,48,2.8,2024-06-08,48
83-917-7384,Fruits & Vegetables,7,97,76,7.0,2024-05-11,76
94-525-6925,Bakery,7,56,50,3.0,2024-09-17,50
16-632-1308,Beverages,7,13,23,20.0,2024-11-21,23
13-798-3397,Dairy,7,16,86,2.5,2024-12-20,86
69-834-2874,Bakery,7,62,28,5.0,2024-10-07,28
60-343-3288,Seafood,7,92,85,6.7,2024-05-03,85
21-650-9319,Bakery,7,88,42,2.5,2024-04-24,42
14-550-2152,Beverages,7,1,51,7.6,2024-11-17,51
61-582-7399,Fruits & Vegetables,7,83,73,5.0,2024-07-22,73
28-107-4953,Bakery,7,19,53,5.0,2024-10-18,53
53-050-8242,Seafood,7,25,82,7.5,2025-02-15,82
88-586-8797,Fruits & Vegetables,7,62,98,5.5,2025-02-09,98
93-772-3085,Fruits & Vegetables,7,19,39,13.99,2025-01-20,39
04-001-1793,Beverages,7,38,43,12.0,2024-04-09,43
10-137-9759,Fruits & Vegetables,7,17,90,3.0,2024-03-10,90
96-682-8546,Dairy,7,29,70,0.2,2024-09-17,70
07-617-6934,Grains & Pulses,7,39,91,5.0,2024-11-16,91
43-164-5984,Dairy,7,75,36,2.9,2024-11-23,36
07-074-1196,Fruits & Vegetables,7,56,11,3.9,2024-10-10,11
05-193-8096,Fruits & Vegetables,7,21,82,5.5,2024-07-08,82
92-837-8839,Oils & Fats,7,71,23,2.0,2024-08-18,23
60-343-7973,Bakery,7,86,56,3.2,2024-04-09,56
76-264-0748,Fruits & Vegetables,7,41,47,3.0,2025-01-09,47
67-130-4114,Fruits & Vegetables,7,26,84,4.5,2025-01-24,84
99-961-0767,Dairy,7,15,85,4.0,2024-12-06,85
24-228-6840,Beverages,7,1,27,30.0,2024-11-28,27
83-573-4586,Oils & Fats,7,95,77,6.5,2024-07-18,77
80-698-0324,Bakery,7,58,84,6.0,2024-05-25,84
83-568-3475,Seafood,7,72,35,20.0,2025-02-10,35
15-846-7959,Fruits & Vegetables,7,14,98,2.5,2024-03-20,98
98-148-0940,Dairy,7,62,63,0.2,2024-11-05,63
76-325-9093,Oils & Fats,7,92,27,6.5,2024-12-18,27
10-034-7654,Grains & Pulses,7,96,70,1.5,2024-05-28,70
21-633-8696,Grains & Pulses,7,59,49,5.0,2024-05-26,49
74-181-4135,Dairy,7,19,22,0.2,2024-09-17,22
98-064-4465,Dairy,7,38,96,7.0,2024-11-11,96
41-475-5305,Bakery,7,20,61,3.0,2024-09-12,61
80-988-4653,Fruits & Vegetables,7,66,43,2.5,2024-04-19,43
51-583-6029,Bakery,7,43,38,4.0,2025-02-18,38
63-270-7076,Bakery,7,36,65,3.5,2025-01-24,65
70-149-6756,Dairy,7,99,14,4.2,2024-06-26,14
98-909-9395,Dairy,7,98,67,5.0,2024-12-07,67
35-621-2546,Dairy,7,89,85,8.0,2025-02-15,85
24-579-6500,Seafood,7,51,93,10.0,2024-09-04,93
01-703-8441,Grains & Pulses,7,10,100,1.5,2024-06-21,100
61-796-6540,Dairy,7,4,88,6.0,2024-08-14,88
16-354-8122,Bakery,7,99,97,4.0,2024-11-27,97
67-512-9754,Dairy,7,100,19,2.5,2024-03-22,19
11-316-8405,Fruits & Vegetables,7,55,24,5.0,2024-11-25,24
36-372-2295,Grains & Pulses,7,13,55,4.45,2024-04-14,55
84-075-7647,Oils & Fats,7,82,91,2.3,2025-02-22,91
08-226-5155,Fruits & Vegetables,7,93,49,4.5,2024-04-27,49
46-496-2930,Fruits & Vegetables,7,28,66,6.0,2024-08-14,66
00-215-7434,Dairy,7,63,14,2.5,2024-11-28,14
12-828-1063,Dairy,7,82,36,7.1,2024-08-05,36
48-770-6319,Dairy,7,31,52,1.0,2025-02-02,52
44-305-1866,Dairy,7,71,48,3.0,2024-08-29,48
97-283-4840,Oils & Fats,7,23,58,1.8,2025-02-24,58
35-328-8392,Grains & Pulses,7,2,39,1.45,2024-04-21,39
43-693-2092,Dairy,7,100,51,3.0,2024-09-22,51
47-802-5023,Seafood,7,20,16,8.0,2024-06-07,16
24-009-1208,Beverages,7,31,62,25.0,2025-02-06,62
98-556-5323,Fruits & Vegetables,7,61,60,6.0,2024-08-27,60
14-521-4167,Dairy,7,2,47,2.5,2024-03-06,47
61-607-7622,Dairy,7,38,23,1.0,2025-01-15,23
06-849-4869,Oils & Fats,7,15,85,6.5,2024-07-15,85
41-526-4036,Dairy,7,25,55,4.0,2025-01-29,55
49-570-8214,Dairy,7,76,81,4.0,2024-12-18,81
85-561-4694,Fruits & Vegetables,7,27,28,6.0,2024-05-11,28
26-629-5920,Bakery,7,6,99,3.0,2024-12-14,99
75-029-9003,Bakery,7,42,34,4.0,2024-04-01,34
79-428-8753,Fruits & Vegetables,7,79,62,1.0,2024-12-30,62
34-369-7712,Fruits & Vegetables,7,96,55,5.0,2024-06-06,55
22-141-9798,Grains & Pulses,7,7,47,2.0,2024-04-30,47
38-924-3007,Fruits & Vegetables,7,28,12,3.0,2024-04-17,12
70-005-5970,Fruits & Vegetables,7,46,84,3.5,2024-12-24,84
19-021-5024,Fruits & Vegetables,7,63,47,4.0,2024-05-07,47
31-403-6234,Seafood,7,24,87,18.0,2024-05-04,87
19-047-4239,Fruits & Vegetables,7,72,47,4.0,2024-04-30,47
29-092-3453,Fruits & Vegetables,7,17,61,2.52,2024-06-17,61
28-956-1320,Dairy,7,2,62,3.0,2024-09-05,62
88-069-5486,Seafood,7,87,31,8.0,2024-05-01,31
97-710-2449,Bakery,7,94,28,2.8,2024-06-19,28
84-272-0790,Fruits & Vegetables,7,86,28,10.0,2024-07-29,28
89-602-6755,Dairy,7,90,74,1.0,2024-07-17,74
63-162-9244,Fruits & Vegetables,7,89,49,3.0,2024-05-17,49
49-579-4325,Dairy,7,95,64,6.0,2024-05-17,64
96-503-7712,Bakery,7,76,93,2.5,2025-01-19,93
56-213-0577,Fruits & Vegetables,7,25,24,4.5,2024-09-17,24
24-989-3302,Fruits & Vegetables,7,90,85,5.0,2024-07-30,85
79-920-2395,Fruits & Vegetables,7,23,81,6.25,2024-07-16,81
73-118-1117,Oils & Fats,7,88,52,6.0,2024-11-13,52
65-674-6076,Dairy,7,61,78,0.8,2024-12-18,78
66-312-5511,Seafood,7,97,44,10.0,2024-12-15,44
58-005-5343,Fruits & Vegetables,7,94,38,1.8,2024-08-21,38
40-795-0753,Grains & Pulses,7,43,31,1.5,2024-05-30,31
73-401-5721,Seafood,7,28,46,9.0,2024-12-26,46
53-680-5293,Dairy,7,74,88,9.0,2024-08-24,88
02-170-5225,Grains & Pulses,7,75,90,1.5,2025-02-23,90
55-680-0982,Beverages,7,66,64,8.0,2024-08-19,64
48-414-6162,Beverages,7,93,55,20.0,2024-05-05,55
71-631-5875,Seafood,7,83,88,15.0,2024-10-25,88
34-538-1180,Dairy,7,39,29,4.0,2024-04-06,29
48-957-6116,Fruits & Vegetables,7,44,31,3.0,2024-08-05,31
32-261-0008,Dairy,7,48,63,4.0,2024-07-18,63
34-110-1040,Fruits & Vegetables,7,85,75,4.5,2024-06-24,75
74-132-5528,Fruits & Vegetables,7,62,63,2.5,2025-01-22,63
15-797-4824,Fruits & Vegetables,7,27,32,5.0,2025-01-14,32
76-854-0095,Grains & Pulses,7,61,65,2.0,2024-12-28,65
94-092-3355,Fruits & Vegetables,7,43,57,2.5,2024-08-04,57
99-194-5600,Fruits & Vegetables,7,25,57,2.5,2024-05-14,57
40-205-8252,Bakery,7,37,38,3.5,2024-07-14,38
69-674-5387,Dairy,7,27,59,1.75,2025-02-01,59
04-293-6969,Fruits & Vegetables,7,38,37,4.0,2024-08-20,37
21-890-2826,Dairy,7,12,48,7.0,2024-09-19,48
65-759-3721,Bakery,7,60,33,6.0,2024-12-28,33
36-383-3677,Oils & Fats,7,38,32,2.5,2025-02-02,32
84-546-7624,Fruits & Vegetables,7,41,43,8.0,2024-06-01,43
77-827-0820,Oils & Fats,7,20,97,6.5,2024-11-09,97
57-562-2358,Beverages,7,94,37,15.0,2025-02-04,37
93-218-8108,Dairy,7,60,74,4.0,2024-11-17,74
81-354-4203,Seafood,7,57,76,9.0,2024-04-28,76
57-613-5779,Dairy,7,21,100,7.0,2024-08-29,100
49-919-8798,Dairy,7,31,64,1.9,2024-10-10,64
70-542-4269,Dairy,7,22,41,7.0,2024-04-17,41
43-670-8544,Fruits & Vegetables,7,95,84,2.85,2024-10-07,84
29-436-6570,Bakery,7,8,61,4.0,2024-09-17,61
10-617-7581,Oils & Fats,7,14,24,4.0,2024-06-17,24
50-772-2613,Dairy,7,23,86,9.0,2024-03-23,86
26-535-4727,Seafood,7,25,93,7.0,2024-04-29,93
88-602-8210,Oils & Fats,7,96,99,10.0,2024-09-28,99
83-966-3280,Seafood,7,29,30,7.5,2024-09-20,30
21-252-1360,Oils & Fats,7,23,75,2.5,2024-07-04,75
89-922-4773,Grains & Pulses,7,53,39,2.75,2024-12-27,39
15-884-7413,Fruits & Vegetables,7,58,77,3.5,2024-04-16,77
82-243-3180,Oils & Fats,7,63,43,1.8,2025-02-11,43
33-807-7247,Dairy,7,17,58,7.0,2025-01-03,58
07-858-5487,Dairy,7,14,64,8.0,2024-12-29,64
27-387-0428,Seafood,7,42,88,20.0,2024-04-09,88
79-741-0770,Fruits & Vegetables,7,87,72,6.0,2024-03-17,72
34-086-3222,Fruits & Vegetables,7,7,12,2.3,2024-06-05,12
93-166-3169,Beverages,7,81,58,25.0,2025-01-02,58
74-548-9313,Fruits & Vegetables,7,59,99,5.0,2025-02-12,99
53-710-7630,Grains & Pulses,7,95,25,2.0,2025-01-14,25
64-119-7804,Fruits & Vegetables,7,43,98,4.5,2024-12-29,98
40-810-9261,Beverages,7,47,75,12.5,2024-05-23,75
91-553-1774,Dairy,7,43,80,7.0,2024-04-12,80
39-192-3521,Beverages,7,9,20,30.5,2024-03-16,20
63-890-1246,Bakery,7,50,93,5.0,2024-10-09,93
71-954-4501,Seafood,7,49,66,10.0,2024-07-26,66
00-357-2313,Oils & Fats,7,86,10,10.0,2024-12-13,10
29-756-7042,Bakery,7,52,90,4.0,2024-05-07,90
92-551-8504,Grains & Pulses,7,81,19,1.5,2024-12-24,19
61-317-9944,Bakery,7,20,72,2.5,2024-10-29,72
03-276-3931,Fruits & Vegetables,7,36,60,4.5,2024-12-20,60
02-275-6061,Fruits & Vegetables,7,16,26,1.2,2024-08-19,26
72-970-0239,Oils & Fats,7,86,85,6.5,2024-07-18,85
36-679-4670,Fruits & Vegetables,7,22,90,4.5,2025-01-13,90
13-409-9040,Beverages,7,20,35,25.25,2025-01-08,35
88-408-0310,Oils & Fats,7,40,50,2.5,2024-08-26,50
57-359-3397,Fruits & Vegetables,7,40,43,7.0,2024-12-19,43
01-050-2246,Fruits & Vegetables,7,68,99,5.5,2024-09-08,99
47-581-0363,Dairy,7,10,99,12.0,2025-01-20,99
33-670-6797,Seafood,7,56,45,7.5,2024-07-05,45
69-578-7930,Grains & Pulses,7,67,44,2.5,2024-06-05,44
75-672-4378,Fruits & Vegetables,7,40,62,6.0,2024-06-05,62
31-211-5803,Bakery,7,9,16,5.0,2025-02-07,16
49-861-7823,Fruits & Vegetables,7,8,99,5.0,2024-08-10,99
84-624-0201,Grains & Pulses,7,77,71,1.5,2025-01-20,71
66-993-4234,Fruits & Vegetables,7,60,13,1.8,2024-06-24,13
00-963-2193,Dairy,7,88,43,1.0,2024-12-23,43
99-420-3592,Bakery,7,24,22,6.0,2024-11-13,22
76-623-7844,Dairy,7,33,29,0.8,2024-05-15,29
28-003-8065,Grains & Pulses,7,47,79,9.5,2025-01-28,79
28-008-2951,Fruits & Vegetables,7,29,95,4.0,2024-05-20,95
45-402-0421,Dairy,7,84,70,8.0,2024-07-14,70
73-942-0508,Fruits & Vegetables,7,100,61,4.0,2024-10-04,61
22-266-9291,Seafood,7,17,11,6.0,2024-04-08,11
06-068-6793,Dairy,7,80,39,2.5,2024-08-15,39
58-063-8633,Fruits & Vegetables,7,3,50,4.5,2024-09-22,50
27-442-3654,Beverages,7,17,59,30.0,2024-12-03,59
03-043-9933,Fruits & Vegetables,7,23,16,6.1,2025-02-08,16
99-137-1730,Grains & Pulses,7,79,62,1.5,2024-10-18,62
09-622-7119,Seafood,7,81,30,9.0,2024-06-15,30
95-356-1566,Fruits & Vegetables,7,61,13,5.5,2025-01-29,13
22-319-1377,Grains & Pulses,7,16,14,2.0,2024-06-21,14
89-181-4523,Grains & Pulses,7,6,46,10.0,2024-12-22,46
38-555-9147,Beverages,7,23,62,15.5,2024-03-08,62
53-667-4109,Fruits & Vegetables,7,75,16,2.0,2024-05-24,16
14-489-8669,Grains & Pulses,7,69,54,1.75,2024-05-13,54
26-031-8070,Oils & Fats,7,99,57,2.0,2024-04-19,57
47-221-2470,Fruits & Vegetables,7,45,17,6.0,2024-10-10,17
67-382-4435,Fruits & Vegetables,7,37,99,2.1,2024-03-02,99
94-029-2717,Fruits & Vegetables,7,8,40,4.0,2024-06-09,40
47-866-6589,Dairy,7,61,41,1.0,2024-07-27,41
94-355-3070,Seafood,7,52,14,6.8,2024-07-23,14
82-342-7339,Bakery,7,61,80,5.5,2024-03-04,80
80-459-5950,Beverages,7,10,74,20.0,2024-03-20,74
67-248-6306,Fruits & Vegetables,7,54,77,2.5,2024-12-22,77
68-973-8812,Fruits & Vegetables,7,77,44,2.0,2024-05-24,44
11-325-7396,Fruits & Vegetables,7,46,92,5.0,2024-03-26,92
68-761-6907,Fruits & Vegetables,7,18,26,2.5,2025-02-02,26
62-509-0666,Grains & Pulses,7,88,13,9.5,2024-07-03,13
44-476-0390,Fruits & Vegetables,7,92,90,2.5,2024-03-14,90
08-213-2058,Dairy,7,73,43,4.0,2024-08-26,43
35-529-2933,Fruits & Vegetables,7,54,85,4.0,2024-07-13,85
24-364-3341,Dairy,7,84,44,2.5,2024-09-25,44
65-644-1394,Fruits & Vegetables,7,95,26,4.5,2025-02-10,26
88-401-3700,Fruits & Vegetables,7,66,86,2.5,2025-01-20,86
47-441-7682,Bakery,7,91,40,4.0,2024-11-30,40
68-977-2498,Fruits & Vegetables,7,99,88,5.5,2024-07-21,88
37-567-3218,Grains & Pulses,7,47,37,9.5,2024-07-20,37
87-903-3486,Oils & Fats,7,25,21,4.0,2024-02-29,21
96-316-7600,Fruits & Vegetables,7,31,70,4.5,2024-07-07,70
00-842-9790,Dairy,7,94,65,2.5,2024-12-28,65
96-164-0607,Oils & Fats,7,79,89,5.0,2024-10-17,89
04-240-2226,Oils & Fats,7,48,47,6.0,2024-03-05,47
97-772-2336,Fruits & Vegetables,7,30,70,3.5,2024-07-14,70
63-822-5278,Fruits & Vegetables,7,66,14,6.0,2024-02-27,14
19-967-0632,Grains & Pulses,7,86,53,3.0,2024-11-06,53
28-986-8001,Fruits & Vegetables,7,69,65,6.0,2024-10-13,65
44-128-2185,Grains & Pulses,7,20,98,4.75,2024-12-30,98
84-327-7787,Dairy,7,35,83,0.2,2024-09-06,83
50-364-5828,Fruits & Vegetables,7,57,89,5.0,2024-12-23,89
65-368-2479,Dairy,7,21,23,2.4,2024-10-07,23
17-253-5688,Dairy,7,55,39,3.0,2024-06-20,39
29-205-1132,Grains & Pulses,7,72,22,4.5,2024-09-19,22
64-854-8664,Oils & Fats,7,3,79,4.0,2024-08-30,79
66-627-9752,Seafood,7,73,49,12.0,2024-09-03,49
62-795-7801,Oils & Fats,7,41,35,1.8,2024-11-23,35
40-683-0283,Grains & Pulses,7,64,27,2.0,2024-05-23,27
87-423-8486,Grains & Pulses,7,4,63,2.5,2024-03-09,63
16-499-5059,Fruits & Vegetables,7,20,77,4.5,2024-12-20,77
05-334-2923,Grains & Pulses,7,74,14,1.5,2024-05-16,14
74-845-3299,Beverages,7,92,63,8.0,2024-04-29,63
10-249-7928,Grains & Pulses,7,4,85,6.5,2024-11-03,85
08-725-8156,Seafood,7,59,59,7.0,2024-03-15,59
41-240-8856,Seafood,7,53,79,9.0,2025-01-10,79
35-257-9312,Dairy,7,100,80,12.0,2024-04-06,80
13-980-8804,Fruits & Vegetables,7,3,100,2.0,2025-02-10,100
68-977-6854,Fruits & Vegetables,7,30,90,5.0,2024-03-02,90
90-773-9557,Dairy,7,28,85,3.0,2024-06-12,85
89-328-9019,Grains & Pulses,7,43,63,1.5,2024-12-08,63
59-075-2457,Dairy,7,26,97,2.5,2024-11-10,97
31-627-6025,Bakery,7,62,56,2.5,2025-01-20,56
28-824-9017,Seafood,7,94,19,11.5,2024-06-14,19
06-858-5680,Oils & Fats,7,34,15,6.5,2025-01-16,15
38-732-7667,Fruits & Vegetables,7,52,18,3.5,2024-09-28,18
85-237-3505,Beverages,7,50,88,8.0,2024-11-03,88
73-117-6105,Grains & Pulses,7,48,44,2.5,2025-01-23,44
46-436-5351,Beverages,7,54,80,8.5,2024-04-16,80
56-303-5256,Grains & Pulses,7,24,58,10.0,2024-03-21,58
57-394-1587,Grains & Pulses,7,63,57,1.5,2024-10-30,57
51-934-9117,Seafood,7,55,30,6.0,2025-01-31,30
77-377-1659,Grains & Pulses,7,22,74,9.5,2024-06-19,74
27-262-2437,Dairy,7,9,80,8.1,2024-10-09,80
71-085-4290,Fruits & Vegetables,7,98,31,1.8,2024-12-04,31
87-675-1506,Fruits & Vegetables,7,89,31,5.9,2024-05-21,31
77-224-2227,Grains & Pulses,7,46,75,9.5,2024-10-26,75
94-658-4945,Fruits & Vegetables,7,10,65,2.0,2024-05-08,65
15-562-3712,Fruits & Vegetables,7,89,33,2.5,2024-10-28,33
98-546-7398,Dairy,7,69,80,1.75,2024-04-17,80
36-177-0573,Dairy,7,1,92,2.5,2024-04-13,92
39-358-3340,Grains & Pulses,7,60,71,4.5,2024-03-14,71
11-733-1756,Grains & Pulses,7,81,52,2.0,2025-02-24,52
01-026-2772,Fruits & Vegetables,7,61,40,10.0,2024-05-27,40
84-198-7276,Oils & Fats,7,88,60,4.0,2024-06-15,60
56-810-0550,Seafood,7,7,71,7.5,2024-09-04,71
40-751-8635,Fruits & Vegetables,7,80,44,3.4,2024-03-05,44
14-305-9690,Grains & Pulses,7,17,19,4.3,2024-03-10,19
83-727-0814,Grains & Pulses,7,87,11,4.5,2024-06-05,11
71-015-9181,Fruits & Vegetables,7,35,22,6.0,2024-10-26,22
51-572-5497,Fruits & Vegetables,7,44,15,3.0,2024-04-28,15
06-797-4963,Fruits & Vegetables,7,8,52,6.0,2024-08-16,52
42-141-5718,Dairy,7,31,100,9.0,2024-12-26,100
37-606-0510,Dairy,7,64,18,1.0,2024-11-09,18
44-480-9446,Oils & Fats,7,13,39,2.5,2024-03-14,39
78-237-0277,Beverages,7,27,46,5.0,2025-01-13,46
87-997-0228,Fruits & Vegetables,7,4,71,3.0,2024-12-27,71
42-674-3917,Grains & Pulses,7,76,41,2.65,2024-06-06,41
28-185-7303,Beverages,7,31,59,10.0,2024-10-22,59
45-852-2446,Seafood,7,12,73,15.0,2024-11-29,73
56-831-6199,Seafood,7,48,49,15.0,2024-08-14,49
82-538-4809,Fruits & Vegetables,7,61,83,1.0,2024-10-24,83
87-698-0944,Fruits & Vegetables,7,12,56,98.43,2025-02-02,56
30-964-2694,Fruits & Vegetables,7,72,48,3.0,2024-06-30,48
09-335-7793,Grains & Pulses,7,19,66,2.4,2024-06-01,66
99-033-5661,Grains & Pulses,7,3,42,2.0,2024-09-25,42
90-128-7973,Grains & Pulses,7,3,49,6.25,2024-03-13,49
52-797-6961,Seafood,7,80,46,7.0,2024-06-17,46
39-232-5341,Grains & Pulses,7,34,20,4.5,2025-02-15,20
46-931-6897,Dairy,7,32,29,2.5,2024-09-15,29
56-937-8675,Dairy,7,91,62,2.5,2024-12-08,62
54-830-6971,Seafood,7,61,100,7.0,2024-05-18,100
90-865-9150,Grains & Pulses,7,24,28,2.5,2024-07-09,28
42-887-6557,Grains & Pulses,7,82,26,1.5,2024-03-30,26
94-190-5193,Fruits & Vegetables,7,68,67,1.5,2024-04-09,67
00-440-9568,Fruits & Vegetables,7,98,53,10.0,2024-12-20,53
74-294-3760,Oils & Fats,7,17,49,4.0,2024-11-27,49
66-806-6051,Dairy,7,12,63,1.7,2024-05-23,63
81-844-2979,Fruits & Vegetables,7,87,73,4.0,2024-05-11,73
80-072-8774,Seafood,7,95,89,18.0,2024-10-15,89
80-039-1261,Fruits & Vegetables,7,97,26,6.0,2024-06-12,26
58-219-0241,Oils & Fats,7,36,50,10.0,2024-06-04,50
94-528-8088,Seafood,7,7,43,9.0,2024-03-08,43
95-349-0828,Dairy,7,57,97,7.0,2025-02-06,97
03-061-1344,Seafood,7,65,98,12.0,2024-06-27,98
67-984-5368,Dairy,7,56,52,12.0,2024-07-28,52
44-782-1395,Grains & Pulses,7,72,72,1.5,2024-11-17,72
75-927-9108,Fruits & Vegetables,7,32,24,1.0,2024-07-02,24
78-614-4402,Fruits & Vegetables,7,99,81,2.0,2024-04-25,81
01-903-5373,Fruits & Vegetables,7,77,94,6.0,2024-06-21,94
